time_s,ch0_adc,ch1_adc,ch2_adc,ch3_adc
49.49338674545288,380,378,412,433
49.53383684158325,396,421,394,399
49.577556133270264,403,414,428,433
49.620887994766235,423,431,422,371
49.6626980304718,438,432,373,419
49.70422315597534,422,412,367,407
49.74354600906372,414,414,376,426
49.79085302352905,385,369,381,432
49.82949995994568,398,367,415,404
49.87660598754883,440,436,412,413
49.92524194717407,362,406,424,372
49.95810294151306,415,385,436,431
49.99637317657471,472,414,389,419
50.04347777366638,459,432,376,426
50.07145094871521,560,393,416,411
50.10055208206177,580,405,378,413
50.123809814453125,521,402,371,374
50.16347789764404,589,397,430,379
50.20749497413635,633,382,370,431
50.24568796157837,664,444,410,399
50.290677070617676,679,480,368,438
50.32874894142151,734,491,362,400
50.371695041656494,741,529,388,417
50.41372776031494,795,528,394,389
50.45757699012756,825,618,372,383
50.49624681472778,857,593,439,371
50.53826284408569,836,635,391,425
50.57941007614136,764,674,386,369
50.626214027404785,722,719,398,398
50.67500877380371,706,745,464,402
50.72355389595032,635,812,507,422
50.76316785812378,636,840,572,423
50.8078727722168,582,865,542,365
50.85380005836487,559,833,596,394
50.89532399177551,443,809,654,436
50.93892502784729,434,719,693,372
50.986279010772705,367,712,742,383
51.02037215232849,415,650,770,375
51.06654906272888,398,682,759,452
51.10787105560303,399,582,811,482
51.150049924850464,436,584,831,445
51.189170122146606,435,560,901,550
51.22172403335571,374,482,929,542
51.26782703399658,395,456,960,594
51.30401802062988,418,437,970,612
51.34186005592346,370,413,931,627
51.38905191421509,420,361,875,689
51.435778856277466,406,383,900,685
51.47418785095215,370,384,835,780
51.516260862350464,424,383,769,787
51.558475971221924,402,433,756,811
51.603007078170776,393,407,689,863
51.65095901489258,418,421,685,850
51.6864218711853,365,409,596,922
51.733314990997314,418,360,557,917
51.773029088974,413,394,557,893
51.818886041641235,385,417,515,854
51.86646795272827,406,391,465,792
51.90601301193237,387,395,412,774
51.95000505447388,429,377,416,689
51.991142988204956,398,406,384,672
52.03651189804077,397,361,412,643
52.07476592063904,380,380,374,640
52.11955285072327,439,363,407,703
52.166970014572144,416,373,427,725
52.20671510696411,386,436,368,760
52.23597002029419,407,376,409,776
52.27841591835022,435,439,387,859
52.31805992126465,368,419,430,851
52.3619658946991,393,439,386,941
52.40168309211731,398,374,431,909
52.44553303718567,392,387,402,949
52.487074851989746,432,386,402,1030
52.53499889373779,406,368,424,1076
52.5808379650116,402,441,387,1050
52.62006902694702,425,501,372,1149
52.66180491447449,361,507,435,1128
52.70471906661987,412,530,374,1179
52.75547409057617,417,571,370,1180
52.79753589630127,478,499,371,1205
52.845600843429565,479,464,406,1167
52.88552689552307,577,431,375,1067
52.91377091407776,558,376,395,1081
52.959315061569214,606,424,389,1031
52.999123096466064,614,401,412,1006
53.04496908187866,645,432,434,949
53.08712887763977,702,378,420,946
53.12937593460083,732,432,412,857
53.17300581932068,653,422,410,872
53.21479415893555,642,373,422,797
53.25995397567749,624,375,432,775
53.30040001869202,524,392,406,721
53.34549117088318,521,415,375,697
53.38652515411377,503,406,385,612
53.42943501472473,425,506,378,615
53.47281002998352,376,522,429,533
53.51173806190491,427,577,382,552
53.55679798126221,409,562,398,467
53.59578895568848,381,594,371,455
53.6354877948761,425,661,430,383
53.6875,421,650,419,418
53.736045837402344,399,696,444,380
53.77638101577759,421,720,503,402
53.81848883628845,386,800,513,391
53.86457896232605,360,837,516,439
53.9121880531311,398,887,599,413
53.95048499107361,408,910,625,367
53.992079973220825,360,830,610,389
54.03609108924866,439,775,644,407
54.083816051483154,411,776,734,416
54.128390073776245,361,717,731,372
54.169800996780396,440,683,756,423
54.216668128967285,388,666,822,419
54.264545917510986,360,568,863,433
54.30376696586609,373,519,918,379
54.34611701965332,389,520,892,437
54.39031100273132,378,461,973,386
54.43216800689697,365,448,991,408
54.46316719055176,411,398,1027,371
54.49449682235718,436,389,1044,409
54.535881996154785,369,400,1079,397
54.58094096183777,380,435,1093,445
54.62004899978638,408,365,1117,447
54.66114115715027,369,396,1030,464
54.71073913574219,434,383,1007,501
54.74638915061951,386,380,940,538
54.79536199569702,394,427,904,617
54.82991909980774,437,399,923,641
54.87548494338989,404,418,858,644
54.91553092002869,434,386,787,720
54.96227693557739,400,407,763,702
55.00910711288452,403,383,736,745
55.05121088027954,435,396,688,783
55.09699106216431,371,401,644,833
55.14133381843567,419,421,606,857
55.18182420730591,406,413,577,867
55.227904081344604,380,415,567,953
55.267374992370605,429,371,469,1000
55.30222296714783,405,398,484,1000
55.34699106216431,366,405,426,1005
55.39163398742676,417,377,388,1074
55.44091796875,438,378,432,1124
55.477925062179565,409,396,416,1135
55.51801109313965,417,437,437,1126
55.56265211105347,399,396,387,1173
55.60804104804993,463,425,389,1185
55.65189599990845,519,418,363,1128
55.70012617111206,514,373,381,1108
55.747798919677734,549,439,363,1056
55.79750299453735,563,412,381,1009
55.83736515045166,618,395,361,987
55.88373589515686,629,418,403,945
55.92634892463684,685,390,432,899
55.971046924591064,723,386,399,819
56.01676607131958,792,465,376,781
56.059202909469604,787,485,410,767
56.1031219959259,789,537,431,699
56.14790105819702,675,552,398,698
56.18742489814758,681,545,386,647
56.227593183517456,647,596,377,592
56.26817798614502,633,676,423,566
56.31578779220581,539,639,362,551
56.35742497444153,495,708,396,485
56.40187883377075,508,772,419,427
56.45012283325195,441,766,423,365
56.49622392654419,406,781,370,375
56.54480695724487,369,836,397,373
56.58159399032593,368,850,389,422
56.629754066467285,440,956,398,397
56.66950988769531,434,925,409,361
56.70181703567505,408,975,490,369
56.74660801887512,387,989,529,361
56.79442286491394,406,1094,557,365
56.84190917015076,422,1082,575,368
56.882339000701904,425,1157,602,402
56.92578387260437,398,1159,669,392
56.97572994232178,363,1165,693,436
57.015279054641724,425,1101,695,402
57.048927783966064,373,1117,767,417
57.10158085823059,361,1087,815,422
57.148995876312256,428,1047,823,366
57.19064521789551,372,961,846,363
57.22137904167175,366,973,901,435
57.26565909385681,430,920,895,364
57.3072988986969,433,884,948,385
57.3504741191864,401,846,1002,450
57.39731693267822,431,789,1047,475
57.44491410255432,439,721,1078,542
57.48679995536804,433,689,1056,509
57.53370499610901,383,681,956,555
57.574995040893555,398,657,940,605
57.618629932403564,360,599,934,673
57.666805028915405,369,553,881,719
57.71351480484009,366,504,822,724
57.75402784347534,418,502,769,719
57.79810190200806,380,462,759,794
57.844627141952515,424,385,740,856
57.8886239528656,438,423,654,851
57.93138003349304,415,362,644,933
57.97735595703125,365,361,604,959
58.02096700668335,417,427,514,968
58.06371808052063,391,435,468,894
58.11165404319763,381,412,430,857
58.158466815948486,392,406,438,854
58.20058798789978,361,393,388,764
58.24452805519104,375,419,412,787
58.29200291633606,419,381,366,727
58.33974003791809,432,360,384,662
58.380889892578125,397,366,413,622
58.42940711975098,422,368,419,560
58.47556209564209,374,411,405,531
58.525822162628174,362,432,429,527
58.565441846847534,398,433,438,440
58.612064838409424,382,399,382,443
58.656996965408325,400,425,381,438
58.69936394691467,384,441,365,466
58.743972063064575,425,506,376,505
58.790711879730225,386,530,439,595
58.84007215499878,369,603,395,586
58.87619185447693,405,637,404,654
58.909213066101074,397,614,413,667
58.951242208480835,435,649,401,733
58.997201919555664,438,695,364,733
59.04221820831299,431,772,388,748
59.08455491065979,435,767,385,829
59.12783098220825,367,819,405,815
59.17523789405823,424,876,426,855
59.223384857177734,369,854,360,878
59.27276802062988,388,967,408,981
59.323058128356934,404,1008,407,1018
59.358901023864746,431,982,423,1023
59.40165305137634,403,1027,371,1086
59.44537615776062,426,1086,432,1098
59.492063760757446,390,1081,368,1095
59.53681182861328,368,1158,380,1169
59.58452892303467,388,1188,392,1208
59.62708497047424,381,1190,390,1240
59.67302584648132,433,1207,363,1301
59.72192907333374,371,1125,416,1244
59.76674795150757,398,1058,448,1221
59.80831503868103,466,1040,497,1175
59.85483503341675,470,979,479,1128
59.898375034332275,567,969,537,1080
59.940385818481445,575,937,571,1052
59.98953104019165,655,918,602,1044
60.035727977752686,613,888,639,1030
60.08577299118042,715,845,670,915
60.124621868133545,748,741,749,876
60.171101093292236,729,709,739,899
60.21906495094299,816,671,821,797
60.2661919593811,840,613,870,818
60.30897402763367,903,582,850,745
60.35526895523071,871,591,927,667
60.39942908287048,965,529,931,675
60.44137096405029,982,515,994,658
60.4884991645813,978,420,1025,566
60.53531789779663,1016,401,1079,572
60.58027720451355,1107,369,1120,544
60.622589111328125,1140,431,1140,468
60.66826677322388,1120,420,1192,462
60.70994806289673,1204,375,1221,361
60.76102304458618,1203,426,1195,415
60.80472683906555,1287,401,1231,369
60.857805013656616,1327,416,1330,366
60.91127586364746,1367,412,1318,417
60.95658206939697,1279,374,1383,419
61.00137901306152,1283,386,1388,380
61.040980100631714,1203,405,1448,423
61.09483981132507,1134,407,1529,419
61.14108991622925,1096,434,1450,391
61.18870210647583,1115,474,1424,408
61.238544940948486,1036,547,1394,495
61.2736029624939,1036,535,1306,540
61.30625009536743,989,585,1315,539
61.34857988357544,919,650,1298,564
61.39312291145325,922,663,1201,579
61.43898415565491,867,652,1171,611
61.48266291618347,824,736,1174,679
61.52624702453613,804,759,1117,726
61.567245960235596,710,808,1106,765
61.6171190738678,722,792,1075,759
61.65783405303955,640,861,984,837
61.7103431224823,620,908,914,862
61.75867795944214,599,922,929,937
61.80547118186951,569,943,880,942
61.855210065841675,477,1030,833,1004
61.904967069625854,468,1057,798,1002
61.94842886924744,403,1116,705,1035
61.993732929229736,411,1152,720,1114
62.047780990600586,386,1134,652,1139
62.09911298751831,438,1122,613,1186
62.146425008773804,460,1051,528,1232
62.193897008895874,477,1050,513,1162
62.23604202270508,509,980,438,1136
62.28187608718872,576,971,420,1124
62.32335710525513,607,885,381,1070
62.36489510536194,587,858,376,1022
62.40991497039795,636,832,376,936
62.44950580596924,665,822,415,921
62.478984117507935,688,754,362,949
62.524527072906494,771,737,440,880
62.570923805236816,786,737,407,857
62.62129592895508,698,723,437,813
62.657362937927246,711,772,387,779
62.703644037246704,667,820,382,675
62.75262904167175,623,863,402,669
62.79003882408142,582,893,414,668
62.83706092834473,577,910,377,570
62.88827991485596,498,981,423,520
62.92410206794739,424,996,470,503
62.96015286445618,469,988,419,470
63.00683617591858,364,930,511,448
63.05333495140076,430,926,513,424
63.097909927368164,392,899,590,367
63.141247034072876,360,853,588,417
63.18598008155823,387,773,636,412
63.23373889923096,372,733,653,374
63.26873302459717,431,724,739,360
63.31779384613037,417,651,760,450
63.36615800857544,394,616,762,503
63.40571880340576,371,580,739,522
63.44962286949158,418,597,661,534
63.49847483634949,414,550,649,605
63.54780983924866,412,496,561,589
63.595136880874634,399,423,534,661
63.63482880592346,386,395,528,638
63.67750406265259,418,439,455,588
63.72396993637085,469,378,432,527
63.77112889289856,448,432,403,529
63.812577962875366,495,439,373,494
63.85234498977661,555,429,405,431
63.88185787200928,551,371,439,414
63.930238008499146,632,380,394,392
63.98168992996216,627,432,421,372
64.01529312133789,680,415,392,438
64.06472396850586,690,419,433,376
64.09906005859375,750,431,427,414
64.14611387252808,761,383,432,460
64.18670797348022,726,405,423,457
64.22897696495056,737,408,393,482
64.269278049469,675,442,399,570
64.31813597679138,656,535,435,613
64.36141610145569,571,510,369,606
64.40544390678406,530,602,429,655
64.45339107513428,517,653,393,684
64.49877500534058,498,643,419,696
64.53778004646301,423,648,436,712
64.58449077606201,423,703,512,641
64.63509583473206,401,702,526,572
64.67086601257324,427,609,557,534
64.71298599243164,440,569,575,548
64.75790095329285,407,536,593,506
64.80253410339355,372,557,660,484
64.8514678478241,381,452,673,404
64.89403414726257,418,435,743,383
64.94244480133057,419,404,761,466
64.99246096611023,411,363,821,457
65.02859711647034,370,411,796,526
65.07465887069702,379,369,753,508
65.11460900306702,426,390,704,545
65.15993785858154,400,378,675,509
65.2042510509491,366,402,676,427
65.25186109542847,404,397,648,431
65.29222583770752,437,428,612,401
65.34290504455566,381,435,532,404
65.38438701629639,440,424,526,381
65.42565107345581,415,383,454,417
65.46604609489441,380,380,430,393
65.5132040977478,374,433,440,418
65.5596489906311,392,368,418,398
65.59984803199768,378,384,437,365
65.64497089385986,368,376,428,413
65.69295406341553,411,383,372,372
65.73316383361816,391,435,433,374
65.77627205848694,387,439,406,424
65.82121300697327,474,423,458,466
65.86977076530457,465,456,495,451
65.91239595413208,547,521,494,487
65.95275616645813,563,502,558,542
65.99929881095886,564,535,606,608
66.05036401748657,615,643,608,595
66.08611297607422,661,662,610,662
66.11969494819641,636,689,660,675
66.16664695739746,720,732,743,722
66.21670007705688,763,763,736,737
66.26707220077515,787,802,767,753
66.30311799049377,797,807,795,855
66.3364930152893,876,881,845,855
66.38554692268372,908,888,918,845
66.43324494361877,929,944,959,948
66.48348712921143,988,999,947,949
66.51937198638916,1027,991,1013,1016
66.55319309234619,1049,985,1026,993
66.59431481361389,1026,1053,1026,1052
66.64309692382812,1089,1093,1109,1055
66.68998003005981,1163,1137,1121,1158
66.7315559387207,1173,1172,1193,1158
66.77601909637451,1190,1213,1229,1238
66.82376194000244,1201,1256,1255,1232
66.86704087257385,1244,1297,1304,1248
66.91275787353516,1260,1264,1312,1270
66.96009087562561,1269,1265,1235,1272
67.00236511230469,1243,1227,1189,1241
67.05595898628235,1132,1177,1122,1159
67.10874795913696,1146,1143,1114,1142
67.15314292907715,1061,1055,1108,1060
67.20268511772156,994,1004,1017,1045
67.23872804641724,1013,998,958,970
67.2721049785614,952,933,1006,1002
67.3192081451416,935,946,892,897
67.36942601203918,902,914,908,869
67.4094910621643,816,870,837,867
67.45552611351013,813,804,830,798
67.49928903579712,738,756,800,789
67.54201793670654,754,742,727,686
67.58516788482666,642,701,712,710
67.63276600837708,608,678,655,633
67.67979407310486,625,628,585,591
67.72997117042542,540,558,558,540
67.77934694290161,544,496,546,475
67.81967091560364,433,468,495,502
67.86786699295044,438,455,444,457
67.91404604911804,418,403,372,372
67.96344590187073,416,365,401,413
68.00094985961914,424,402,369,429
68.04924702644348,474,399,448,427
68.09494495391846,502,495,459,513
68.14292788505554,484,481,489,532
68.18517994880676,585,532,584,549
68.23035883903503,585,604,592,546
68.27161002159119,653,604,590,611
68.32146906852722,663,657,671,685
68.37157392501831,658,668,679,716
68.41319680213928,735,759,706,753
68.45648288726807,798,749,743,733
68.50461983680725,841,791,833,772
68.55082511901855,834,853,862,835
68.60075616836548,901,870,876,840
68.64831304550171,893,911,884,923
68.69808602333069,951,978,961,929
68.73469805717468,984,951,996,962
68.78383088111877,1032,1010,1017,1043
68.8282299041748,1084,1075,1055,1077
68.87100601196289,1100,1117,1101,1084
68.91688990592957,1139,1133,1123,1107
68.9601628780365,1199,1204,1189,1199
69.01495313644409,1244,1203,1240,1223
69.06536316871643,1237,1223,1268,1256
69.1128659248352,1288,1262,1295,1303
69.1588351726532,1247,1223,1211,1247
69.20756912231445,1188,1170,1201,1163
69.25833797454834,1124,1149,1160,1133
69.29428005218506,1105,1136,1135,1111
69.34285187721252,1061,1062,1046,1103
69.39074277877808,1022,1047,1011,1059
69.4412670135498,988,958,1000,1009
69.47663712501526,930,984,967,971
69.52402186393738,911,880,914,927
69.57516813278198,905,870,856,906
69.61041498184204,834,855,845,870
69.65414476394653,816,812,796,804
69.69687795639038,730,744,721,713
69.74307298660278,685,697,716,695
69.78762006759644,694,649,689,689
69.82974815368652,595,595,643,657
69.87579798698425,610,608,586,588
69.92396712303162,579,522,567,571
69.97522687911987,523,525,498,506
70.01147985458374,505,472,485,509
70.04512286186218,442,426,457,422
70.09315276145935,364,395,381,420
70.13797807693481,421,377,427,386
70.1801700592041,420,391,379,412
70.22522211074829,451,455,421,419
70.27641201019287,512,472,495,488
70.32072305679321,538,558,510,522
70.36253499984741,548,578,542,568
70.4111020565033,575,556,577,571
70.45307779312134,635,623,660,653
70.49694395065308,693,688,670,683
70.54338383674622,692,727,662,719
70.58851099014282,728,720,772,747
70.62952208518982,792,781,748,782
70.6735508441925,763,816,803,843
70.7198691368103,833,841,812,865
70.76396083831787,904,852,863,846
70.8066987991333,875,893,897,891
70.85527491569519,922,961,921,954
70.90381288528442,999,959,970,963
70.95075106620789,1012,997,1022,1048
71.00252199172974,1100,1058,1039,1090
71.05683898925781,1127,1146,1073,1117
71.10493183135986,1169,1138,1146,1127
71.15226984024048,1168,1148,1181,1194
71.19772291183472,1208,1236,1221,1174
71.24096393585205,1192,1188,1139,1161
71.27369785308838,1098,1174,1108,1121
71.30473899841309,1074,1100,1139,1073
71.35664796829224,1083,1028,1096,1078
71.40529179573059,988,1035,1043,983
71.44909977912903,948,952,940,996
71.49191093444824,944,960,902,963
71.53386616706848,915,873,921,896
71.57655692100525,843,856,862,829
71.61378908157349,861,840,845,859
71.64222288131714,782,840,810,779
71.68403220176697,798,781,792,794
71.72617506980896,691,687,737,757
71.77538394927979,693,724,647,673
71.81624984741211,641,680,683,671
71.85885715484619,568,598,577,582
71.90568208694458,584,530,601,538
71.95079588890076,524,563,537,494
71.99452185630798,462,502,514,450
72.02933311462402,545,488,527,502
72.06194591522217,513,577,523,515
72.10815906524658,597,575,592,599
72.15374493598938,628,592,583,639
72.20117378234863,633,662,627,662
72.253093957901,710,715,709,660
72.28889679908752,720,692,754,745
72.32419395446777,764,726,714,724
72.37373304367065,826,749,772,757
72.42051911354065,842,853,786,839
72.46487212181091,831,835,899,824
72.50604701042175,919,862,912,932
72.5577039718628,961,930,918,916
72.60298299789429,949,985,941,1008
72.65110683441162,1029,1036,1037,986
72.69742798805237,1016,1026,1043,1062
72.74056696891785,980,994,1014,977
72.78645300865173,1008,938,939,938
72.83488607406616,960,930,964,919
72.87527203559875,865,859,867,910
72.91774797439575,886,877,877,862
72.96414184570312,774,824,785,773
73.01330280303955,732,752,747,767
73.06626391410828,745,748,762,724
73.11487698554993,664,660,657,668
73.16334795951843,663,617,616,639
73.21514415740967,605,612,611,602
73.25204205513,561,576,511,523
73.29852795600891,472,528,540,531
73.34418797492981,486,455,488,444
73.38684892654419,534,496,509,518
73.43537902832031,549,499,503,574
73.47783398628235,565,548,569,596
73.52072501182556,580,624,557,625
73.56297206878662,563,583,562,591
73.61098313331604,586,549,526,589
73.65528297424316,574,611,605,605
73.69797897338867,671,637,622,650
73.74387097358704,620,597,622,599
73.79431414604187,544,551,599,592
73.83864998817444,632,597,621,619
73.88281202316284,610,680,624,672
73.92965197563171,585,597,617,633
73.97659397125244,621,618,584,604
74.02533316612244,645,671,609,616
74.07520508766174,645,644,629,594
74.1159257888794,576,624,570,625
74.16933012008667,538,544,536,586
74.21610307693481,649,621,601,637
74.2587730884552,591,599,646,657
74.29917979240417,566,582,610,600
74.34403896331787,603,562,609,592
74.38643383979797,583,595,585,639
74.43256783485413,625,645,602,622
74.48030614852905,606,605,555,542
74.53030204772949,551,592,579,566
74.57146096229553,584,590,575,554
74.61578392982483,632,666,632,654
74.66455316543579,550,584,581,549
74.71374702453613,581,615,596,592
74.75996899604797,600,595,633,637
74.80462503433228,670,615,616,662
74.84827613830566,580,595,593,586
74.89677286148071,632,673,633,666
74.94551491737366,707,674,664,703
74.99450516700745,660,723,682,705
75.0425591468811,615,685,684,674
75.08949208259583,667,697,719,686
75.14383697509766,681,703,686,666
75.18712902069092,624,618,629,657
75.2297580242157,667,639,668,618
75.26268410682678,653,649,663,698
75.29402685165405,712,717,657,731
75.34848809242249,748,718,730,768
75.39954900741577,682,713,646,670
75.44684410095215,706,729,677,656
75.4934139251709,756,727,725,725
75.54611897468567,794,771,749,764
75.60000491142273,788,822,781,825
75.64625597000122,768,712,777,718
75.69365000724792,713,764,699,692
75.74333715438843,777,729,794,727
75.79351210594177,805,839,786,782
75.84013819694519,811,826,844,858
75.88271403312683,805,827,834,815
75.92888307571411,731,786,742,786
75.97772812843323,748,747,703,691
76.02413988113403,719,727,748,785
76.0739369392395,825,759,810,809
76.12496590614319,725,719,780,789
76.1637818813324,747,731,744,699
76.20968794822693,743,734,758,776
76.25399589538574,760,767,795,806
76.29589796066284,774,735,719,755
76.33233189582825,699,726,729,758
76.36092877388,702,668,674,662
76.40282201766968,721,707,651,683
76.44416403770447,742,716,754,742
76.49094414710999,715,724,761,766
76.53090500831604,661,670,737,695
76.58300709724426,646,621,623,616
76.63242411613464,641,691,697,663
76.67944884300232,669,664,705,641
76.7258939743042,627,665,661,613
76.77824282646179,593,588,552,630
76.83208107948303,674,616,604,627
76.87920904159546,686,674,648,676
76.92306017875671,612,666,601,617
76.96682691574097,587,598,601,632
77.01208996772766,668,668,673,625
77.06005907058716,662,728,699,723
77.10933899879456,674,718,712,708
77.14142918586731,638,637,641,661
77.19045805931091,641,688,675,695
77.23142194747925,685,653,663,669
77.27511787414551,747,713,715,731
77.32191610336304,711,671,656,714
77.37126421928406,658,654,599,601
77.4188461303711,553,575,559,587
77.46986103057861,524,552,533,575
77.507493019104,485,523,527,530
77.54193091392517,470,521,460,491
77.59021878242493,454,416,443,456
77.63698601722717,361,390,408,388
77.68519997596741,421,387,422,422
77.73651909828186,420,372,405,422
77.77149081230164,411,437,384,376
77.81843590736389,391,426,434,370
77.85974597930908,397,406,426,437
77.90634298324585,377,420,411,390
77.95245409011841,427,418,390,430
78.00255703926086,434,397,431,416
78.0493369102478,369,416,366,408
78.09972381591797,426,382,399,360
78.14922618865967,376,377,389,429
78.19040083885193,409,420,416,422
78.23530793190002,406,437,363,395
78.28228807449341,428,371,381,400
78.32817912101746,393,376,434,436
78.37167406082153,403,399,388,383
78.41945195198059,408,362,419,389
78.46598792076111,432,370,361,389
78.51168179512024,439,421,408,416
78.55461382865906,424,375,391,438
78.58740377426147,381,417,408,379
78.61893701553345,395,415,396,429
78.66314601898193,393,390,432,378
78.71359395980835,385,390,404,362
78.76389908790588,422,395,440,390
78.81015586853027,408,381,361,375
78.85231494903564,431,378,404,424
78.89931607246399,419,406,435,408
78.94644212722778,434,432,375,376
78.98768496513367,377,370,372,416
79.0332670211792,364,388,363,361
79.08144998550415,361,416,375,405
79.12868595123291,367,388,406,381
79.17100596427917,365,366,368,422
79.21263384819031,412,399,427,401
79.25108098983765,436,422,389,365
79.30264520645142,426,420,432,419
79.35238099098206,362,425,387,382
79.3974769115448,377,431,387,383
79.43897891044617,373,428,376,371
79.47202706336975,434,402,377,438
79.51874899864197,428,478,442,433
79.5665922164917,502,481,464,504
79.60772275924683,544,520,511,514
79.65560412406921,524,572,564,522
79.69722509384155,575,583,601,584
79.7413420677185,630,643,592,641
79.78895401954651,647,631,662,676
79.83621001243591,722,699,679,726
79.88814496994019,704,730,705,706
79.92216515541077,768,758,753,773
79.9705228805542,773,762,768,761
80.00316500663757,807,843,789,825
80.05327987670898,851,850,797,840
80.09620904922485,789,782,762,808
80.149973154068,723,716,758,747
80.20014095306396,714,703,681,665
80.24701189994812,674,654,646,693
80.29256510734558,548,548,575,590
80.33565306663513,499,450,492,486
80.37433195114136,372,410,437,420
80.42661380767822,400,405,437,410
80.47603106498718,427,370,400,413
80.52208495140076,433,374,404,369
80.56506514549255,438,377,408,370
80.59563302993774,427,385,406,373
80.63696599006653,419,371,436,399
80.68275594711304,392,364,378,399
80.73173213005066,409,438,429,412
80.781005859375,437,361,397,373
80.82885313034058,370,365,386,413
80.86971783638,364,376,391,422
80.92268991470337,435,396,438,415
80.97108793258667,464,426,448,420
81.0119571685791,504,511,458,503
81.05614185333252,544,543,491,531
81.10296988487244,537,529,582,544
81.1532838344574,610,628,627,617
81.20006799697876,645,646,671,608
81.25112295150757,692,719,712,671
81.28752088546753,745,708,726,739
81.33537077903748,761,738,708,747
81.38032793998718,764,823,801,797
81.42310786247253,785,806,821,838
81.46010780334473,852,860,856,815
81.51239585876465,882,881,878,864
81.56615090370178,960,937,968,918
81.61194205284119,1011,956,951,989
81.65778589248657,1025,1004,987,1046
81.70019388198853,1064,1069,1003,1043
81.73281908035278,1024,1092,1093,1038
81.77636909484863,1091,1095,1056,1128
81.82451105117798,1154,1142,1166,1176
81.86517000198364,1139,1176,1159,1160
81.91108274459839,1196,1171,1187,1247
81.95734214782715,1108,1105,1120,1109
82.0047378540039,987,1035,1049,994
82.0548939704895,897,907,879,886
82.10482811927795,767,776,814,807
82.1552369594574,717,661,667,679
82.20480489730835,587,620,557,546
82.25483894348145,458,443,493,460
82.30477595329285,419,387,370,405
82.35476684570312,389,438,373,375
82.39660310745239,397,426,437,374
82.44211387634277,371,370,423,417
82.48839998245239,404,375,412,418
82.52033281326294,424,407,362,383
82.56578183174133,387,386,390,428
82.60889410972595,363,403,379,362
82.65798783302307,420,432,433,404
82.70623183250427,386,421,401,430
82.75527787208557,379,417,402,411
82.78724789619446,414,402,382,378
82.82007098197937,402,383,391,373
82.8625910282135,460,433,466,464
82.9156928062439,460,517,461,452
82.9635899066925,501,552,521,551
83.0113308429718,523,596,558,537
83.05916500091553,623,617,622,590
83.10892391204834,642,641,652,636
83.15246081352234,630,672,686,668
83.20042777061462,693,706,684,683
83.24608707427979,705,746,724,741
83.29508209228516,750,785,806,813
83.3422269821167,854,827,798,818
83.38442301750183,825,875,889,833
83.43610191345215,934,893,929,888
83.48598384857178,921,927,964,937
83.53550982475281,1009,958,965,942
83.58068585395813,1012,1030,987,976
83.62286496162415,1067,1080,1077,1020
83.67113995552063,1072,1080,1054,1061
83.71801209449768,1132,1119,1101,1136
83.76756381988525,1128,1146,1152,1195
83.81598711013794,1029,1027,1059,1013
83.86669993400574,928,958,964,939
83.91602897644043,813,827,867,869
83.96679496765137,714,681,700,749
84.01634001731873,582,598,592,589
84.06639504432678,496,514,536,536
84.11653995513916,377,378,409,376
84.16648197174072,405,367,361,380
84.20772790908813,406,429,373,429
84.25136303901672,373,366,385,405
84.2967541217804,402,430,370,415
84.34499907493591,421,369,402,368
84.39677810668945,384,376,403,390
84.44702386856079,389,374,369,415
84.49140095710754,377,398,395,399
84.53671097755432,383,429,402,426
84.58297991752625,401,391,435,409
84.63005995750427,431,361,407,401
84.6788899898529,375,423,424,379
84.72248888015747,390,366,398,407
84.76498103141785,416,423,439,364
84.81401515007019,409,430,413,382
84.86111807823181,371,426,418,416
84.90371298789978,437,431,401,417
84.94670391082764,423,402,371,368
84.99420309066772,432,384,405,411
85.03604483604431,411,369,433,381
85.0810079574585,370,361,434,360
85.12634682655334,390,370,399,399
85.16866278648376,398,437,397,416
85.21552801132202,372,403,362,430
85.26337814331055,427,415,372,410
85.31604290008545,370,436,425,364
85.3705701828003,394,384,415,425
85.41751194000244,406,445,481,408
85.46564483642578,451,470,512,445
85.51331496238708,503,532,520,522
85.56603193283081,603,575,601,571
85.61935710906982,624,635,633,587
85.66922616958618,684,661,611,620
85.71531391143799,647,680,676,705
85.76014184951782,725,712,726,735
85.80310893058777,780,760,753,760
85.85388207435608,825,802,833,781
85.90227222442627,841,850,869,831
85.94907093048096,834,872,884,853
85.99294996261597,881,936,941,876
86.03562307357788,975,936,951,934
86.06816816329956,984,957,987,977
86.12246203422546,1005,1020,1022,1043
86.173171043396,1070,1057,1066,1016
86.2218849658966,1090,1077,1053,1086
86.2702009677887,1119,1143,1092,1115
86.31787204742432,1161,1156,1197,1204
86.36749196052551,1196,1179,1180,1227
86.40840888023376,1208,1245,1225,1278
86.45205307006836,1313,1284,1235,1262
86.50153589248657,1325,1339,1319,1317
86.54749083518982,1328,1362,1347,1316
86.59050798416138,1411,1401,1380,1411
86.6445369720459,1433,1421,1404,1411
86.69527006149292,1435,1456,1470,1448
86.74579119682312,1523,1507,1517,1539
86.79554176330566,1379,1435,1421,1393
86.8433609008789,1300,1270,1313,1305
86.89283108711243,1195,1160,1212,1175
86.93921089172363,1099,1121,1074,1069
86.98972201347351,994,969,945,932
87.03962779045105,849,825,826,875
87.0893189907074,718,788,790,784
87.13952016830444,642,668,680,687
87.18936204910278,518,538,560,565
87.23922801017761,427,401,400,419
87.28928589820862,401,410,412,430
87.33081889152527,421,408,421,433
87.38553094863892,422,438,362,376
87.42681002616882,369,408,400,435
87.4768500328064,365,367,424,368
87.52697610855103,378,384,371,377
87.5774450302124,404,362,371,409
87.62092995643616,388,378,423,391
87.66661596298218,376,384,370,368
87.71236109733582,394,437,379,423
87.75978302955627,390,425,422,430
87.8037919998169,430,363,397,367
87.8470458984375,382,388,418,427
87.88929390907288,360,419,423,400
87.93756604194641,434,388,426,377
87.9854199886322,384,396,392,368
88.03636908531189,416,375,406,376
88.07314395904541,376,394,423,396
88.1202290058136,404,414,392,388
88.16867017745972,382,435,417,422
88.20994400978088,383,402,364,371
88.26511287689209,375,377,369,389
88.31319212913513,416,405,368,388
88.35915493965149,360,364,369,389
88.41118597984314,387,382,371,362
88.46378302574158,430,410,363,422
88.51304578781128,412,436,403,438
88.56076884269714,431,373,372,362
88.60737085342407,427,401,431,370
88.65586495399475,391,360,430,376
88.69687485694885,378,415,384,389
88.74377584457397,425,397,427,431
88.7908890247345,370,384,420,413
88.83927893638611,373,428,423,430
88.88184213638306,427,369,388,383
88.93560409545898,393,408,420,417
88.99244809150696,405,415,397,402
89.04801607131958,367,395,385,413
89.09551978111267,362,403,395,425
89.12714982032776,400,434,401,429
89.1555609703064,396,418,376,426
89.19291996955872,410,419,371,408
89.2304470539093,412,413,439,408
89.27488398551941,438,438,438,386
89.3070900440216,362,416,383,383
89.35428786277771,370,412,386,395
89.39839816093445,399,426,395,382
89.42889595031738,376,390,434,370
89.45959210395813,380,416,388,440
89.51374912261963,372,406,419,405
89.56382608413696,422,390,373,419
89.61174702644348,416,395,386,438
89.643630027771,390,372,402,393
89.67779994010925,391,366,435,425
89.72175908088684,425,416,363,413
89.76402688026428,435,439,370,372
89.80895900726318,535,422,438,420
89.85925698280334,534,433,373,386
89.895094871521,547,367,375,438
89.94170689582825,643,380,369,404
89.98464298248291,623,398,414,406
90.03010392189026,684,374,431,365
90.07483506202698,726,360,391,429
90.12281107902527,747,369,435,415
90.16609191894531,825,393,380,410
90.21709203720093,792,404,413,396
90.26667308807373,844,426,365,375
90.31045007705688,891,434,361,360
90.35519504547119,925,363,362,405
90.40174984931946,909,436,401,372
90.44763088226318,849,370,370,431
90.50041508674622,845,374,414,414
90.54963493347168,772,429,438,394
90.59735679626465,752,361,360,375
90.64594292640686,663,369,429,379
90.69305896759033,623,408,374,377
90.7340440750122,590,428,378,383
90.78044295310974,525,439,394,397
90.82326579093933,537,377,371,385
90.86630702018738,444,411,365,373
90.91321396827698,454,388,408,417
90.95961308479309,423,398,371,416
91.0041491985321,391,380,388,380
91.04615497589111,362,395,424,423
91.08408689498901,387,376,365,438
91.11297297477722,395,378,376,387
91.15373086929321,397,379,421,438
91.19924592971802,365,390,360,362
91.24707794189453,392,373,418,420
91.29163408279419,385,427,418,371
91.33383107185364,430,383,391,421
91.38110995292664,439,363,438,375
91.43079900741577,418,385,437,368
91.47798681259155,389,362,360,376
91.5284059047699,380,371,430,376
91.5697271823883,434,375,425,407
91.61352396011353,390,386,360,411
91.66011500358582,384,422,404,372
91.70474886894226,409,368,434,371
91.74737000465393,390,376,422,415
91.79414391517639,421,401,375,367
91.84317874908447,389,404,408,421
91.89073586463928,369,425,376,366
91.93176198005676,395,439,399,411
91.97520709037781,450,405,417,369
92.02365708351135,473,429,380,383
92.07127690315247,544,368,410,438
92.1188588142395,599,360,382,414
92.16015291213989,581,367,399,404
92.20325589179993,649,396,377,370
92.24827289581299,725,435,394,366
92.29965400695801,742,392,427,419
92.35407400131226,790,377,434,372
92.40132212638855,808,368,366,360
92.45043396949768,850,388,360,423
92.49464511871338,916,380,433,417
92.53779482841492,931,364,382,432
92.58693099021912,956,380,407,369
92.63441300392151,1011,413,434,437
92.68098902702332,1049,390,431,409
92.72371101379395,1050,428,384,428
92.7690908908844,1141,432,408,436
92.81300210952759,1119,379,367,426
92.85967302322388,1140,390,396,392
92.90874004364014,1210,391,390,403
92.95159411430359,1055,381,392,390
92.99233913421631,961,438,440,389
93.03366589546204,887,364,405,399
93.08519101142883,757,435,402,387
93.11987590789795,709,427,436,419
93.15396499633789,663,405,396,440
93.19551610946655,547,427,436,399
93.24238991737366,453,429,424,426
93.28965997695923,371,421,381,385
93.33519387245178,393,382,371,388
93.37841486930847,431,365,437,403
93.42318987846375,380,421,415,360
93.46958804130554,365,433,366,397
93.51720309257507,438,415,371,425
93.56660604476929,389,368,393,397
93.61103916168213,384,437,370,434
93.65390086174011,408,419,436,419
93.70091795921326,421,411,427,410
93.74341011047363,363,411,365,394
93.78582000732422,419,372,390,374
93.82445192337036,432,365,362,424
93.86962175369263,413,397,421,424
93.91153812408447,443,367,393,362
93.95809698104858,454,410,383,391
94.00254917144775,479,411,375,374
94.04597496986389,539,397,388,394
94.09148788452148,539,439,375,409
94.1339418888092,587,370,431,421
94.18306112289429,675,385,394,361
94.23281192779541,687,406,363,385
94.27889394760132,714,414,397,416
94.32894706726074,757,369,378,432
94.37098598480225,812,423,378,386
94.42758703231812,851,421,379,396
94.47366309165955,917,382,381,408
94.52107095718384,896,440,431,396
94.56764507293701,963,409,424,365
94.6126549243927,969,373,389,369
94.66109704971313,1031,440,439,430
94.71071910858154,1045,376,392,418
94.7572410106659,1121,408,421,426
94.80753588676453,1106,399,400,403
94.85485696792603,1174,360,406,407
94.89599704742432,1213,364,394,382
94.94239091873169,1229,373,436,411
94.99018692970276,1318,440,377,371
95.04022097587585,1311,428,408,427
95.08306193351746,1395,365,389,390
95.12662196159363,1412,412,400,361
95.16498398780823,1444,376,403,408
95.21671104431152,1487,418,431,408
95.26408576965332,1387,422,395,382
95.31131100654602,1235,411,368,415
95.35250496864319,1173,402,406,405
95.40038108825684,1062,377,429,379
95.4479808807373,929,416,377,434
95.49686479568481,836,405,434,414
95.54399394989014,777,413,398,415
95.58789396286011,627,387,425,427
95.630197763443,552,362,400,378
95.68102478981018,454,435,406,434
95.72701406478882,413,389,392,396
95.77166295051575,391,383,397,389
95.81264281272888,439,403,392,427
95.85773491859436,432,363,369,439
95.90168309211731,424,388,420,438
95.94928693771362,402,365,404,368
96.00210809707642,412,416,383,376
96.04414701461792,472,378,360,390
96.09033799171448,521,391,398,388
96.136549949646,554,433,385,440
96.18079090118408,575,423,374,368
96.22327303886414,595,382,394,365
96.26981377601624,622,408,370,438
96.31664299964905,692,428,413,403
96.36496806144714,707,410,374,384
96.40635704994202,798,376,421,438
96.45364689826965,837,401,420,424
96.49831199645996,848,417,372,415
96.54570889472961,883,437,409,424
96.5901300907135,939,384,380,417
96.63690900802612,949,432,402,388
96.68666887283325,993,386,390,371
96.73372292518616,988,438,360,362
96.78027701377869,1065,434,363,418
96.8218309879303,1072,385,397,402
96.87019395828247,1147,379,364,368
96.91880893707275,1173,412,389,415
96.96933197975159,1252,433,366,367
97.01868104934692,1268,375,404,397
97.06321501731873,1326,419,417,399
97.10733604431152,1319,396,407,432
97.14912486076355,1388,427,419,440
97.19246912002563,1386,432,438,403
97.23772287368774,1414,401,432,369
97.28404903411865,1336,400,364,365
97.33081007003784,1227,424,407,390
97.37787103652954,1106,371,431,388
97.42418909072876,1006,402,381,372
97.46634292602539,949,409,361,366
97.51371312141418,839,361,387,372
97.56074404716492,686,397,372,430
97.60207986831665,607,403,361,398
97.64495182037354,568,386,378,419
97.69271683692932,449,422,379,412
97.73708891868591,438,371,436,379
97.78286695480347,405,363,375,391
97.824049949646,365,382,395,440
97.86820793151855,434,408,372,399
97.91497683525085,410,407,440,440
97.96398305892944,416,401,396,368
98.0058479309082,407,427,390,413
98.06117105484009,417,424,423,377
98.11205792427063,518,422,414,389
98.15550804138184,492,389,417,404
98.19539904594421,596,396,437,405
98.23670196533203,633,422,380,407
98.28554677963257,613,369,386,385
98.33138108253479,630,380,437,439
98.38259482383728,696,415,432,421
98.41985297203064,712,362,362,401
98.46845507621765,795,409,386,375
98.51620602607727,802,384,370,399
98.55063009262085,871,392,406,373
98.59196782112122,900,397,362,392
98.63702011108398,930,399,394,429
98.68320798873901,958,366,427,406
98.72936201095581,959,416,395,426
98.78106188774109,1001,437,429,413
98.83017778396606,1039,377,392,374
98.87911105155945,998,396,438,413
98.93029689788818,925,392,370,397
98.96797513961792,790,407,412,435
99.01450085639954,718,428,400,436
99.05997395515442,599,429,423,389
99.1028938293457,493,429,377,429
99.1500289440155,397,400,429,430
99.19806814193726,434,421,414,427
99.245521068573,370,429,376,437
99.28670716285706,396,439,369,383
99.33077478408813,422,429,394,397
99.37484192848206,415,374,360,385
99.42225694656372,392,416,373,365
99.47092008590698,369,376,405,362
99.51477909088135,432,393,365,407
99.56865096092224,417,387,386,367
99.62045884132385,412,412,397,371
99.66556715965271,407,404,432,368
99.71365094184875,478,369,401,376
99.764643907547,497,410,386,423
99.80041885375977,507,405,390,427
99.84341788291931,584,439,370,363
99.88591384887695,619,387,367,398
99.92708897590637,623,373,380,433
99.97529697418213,687,364,429,383
100.02587699890137,709,365,379,370
100.0749819278717,743,424,412,431
100.12620878219604,787,412,387,419
100.17526698112488,870,410,431,376
100.22838377952576,881,371,432,389
100.27839303016663,897,390,424,414
100.32537603378296,948,386,408,408
100.37471389770508,1024,387,361,369
100.42125296592712,1078,377,405,385
100.46306586265564,1042,403,416,385
100.50444197654724,1129,369,431,372
100.55226397514343,1111,432,403,420
100.60058307647705,1172,377,370,379
100.64489412307739,1218,393,416,407
100.6883749961853,1239,411,387,402
100.73543906211853,1162,416,395,424
100.7812819480896,1041,434,404,420
100.82517695426941,968,394,410,368
100.87127113342285,835,431,431,386
100.91201996803284,794,394,402,433
100.955069065094,654,375,400,417
100.99807286262512,610,424,418,371
101.04096293449402,487,418,361,374
101.0738000869751,431,433,369,422
101.10539412498474,382,440,440,367
101.15722799301147,396,393,377,419
101.209055185318,374,416,365,429
101.25620102882385,375,402,382,418
101.29660701751709,423,435,415,432
101.33935976028442,415,392,372,424
101.38537406921387,420,383,430,403
101.43318486213684,365,428,412,373
101.47434210777283,398,388,371,424
101.52129793167114,392,410,416,379
101.56264901161194,362,401,428,407
101.60866689682007,408,402,367,373
101.65536189079285,403,385,376,427
101.70423889160156,392,361,440,384
101.75637483596802,414,364,433,414
101.79259395599365,385,367,403,440
101.8388729095459,394,408,397,403
101.88718914985657,420,405,381,402
101.93116497993469,360,389,394,402
101.96740889549255,439,401,385,431
101.99893116950989,363,368,435,391
102.0432939529419,438,396,375,371
102.09032416343689,431,424,387,391
102.13348007202148,370,498,421,392
102.17590308189392,375,566,362,409
102.20941185951233,398,578,416,385
102.24067282676697,431,558,386,426
102.2917320728302,410,610,397,432
102.3346951007843,425,662,395,411
102.37754607200623,366,687,389,417
102.4223780632019,398,715,361,410
102.47054815292358,436,755,371,420
102.51600098609924,424,773,418,372
102.55878901481628,369,823,369,439
102.60761094093323,400,901,368,374
102.65450692176819,398,886,399,415
102.69895887374878,436,958,382,436
102.74206185340881,371,968,437,373
102.7894959449768,403,1029,417,434
102.83586120605469,391,1065,439,421
102.87888598442078,434,1076,404,373
102.93273496627808,438,1155,363,369
102.98387217521667,361,1209,384,435
103.03090190887451,398,1224,424,375
103.07943415641785,413,1218,395,439
103.12448000907898,382,1092,422,427
103.1678581237793,361,1036,403,363
103.21716499328613,376,956,382,419
103.2635281085968,416,845,379,409
103.30776906013489,407,679,429,371
103.35064792633057,412,589,409,428
103.40032076835632,383,482,416,433
103.44667720794678,409,456,410,362
103.48895907402039,417,392,377,382
103.54282689094543,394,378,395,428
103.59410905838013,365,400,406,440
103.6406979560852,397,394,432,426
103.68777585029602,387,405,424,425
103.71991896629333,364,454,374,366
103.766765832901,400,466,409,411
103.80807685852051,440,545,416,398
103.86019492149353,380,606,419,382
103.90313410758972,408,600,435,407
103.9451470375061,413,661,431,423
103.99187111854553,361,650,435,375
104.03876805305481,408,688,386,429
104.08646416664124,437,727,426,385
104.13703489303589,390,757,432,416
104.18271899223328,361,855,422,407
104.22617697715759,393,841,429,396
104.2723548412323,415,875,426,378
104.32005500793457,374,932,407,425
104.36805486679077,391,1001,423,422
104.409353017807,403,986,402,409
104.45415091514587,439,1035,423,411
104.49712491035461,424,1124,432,436
104.54055690765381,367,1119,439,390
104.58722114562988,420,1153,388,432
104.63536405563354,413,1171,398,432
104.66884899139404,382,1183,382,422
104.71321105957031,420,1279,434,436
104.75595498085022,436,1274,366,407
104.81057691574097,400,1356,380,422
104.86239194869995,422,1367,394,414
104.90428614616394,362,1239,424,413
104.95087695121765,375,1123,422,384
104.9948959350586,397,1053,417,403
105.0369701385498,406,930,435,435
105.08345890045166,364,815,423,404
105.12796401977539,360,730,421,371
105.16910099983215,430,685,396,433
105.22092294692993,397,598,418,403
105.26844716072083,440,409,408,387
105.31702303886414,422,434,416,407
105.364825963974,375,361,385,382
105.41722393035889,370,459,414,391
105.46751713752747,377,483,440,360
105.50919103622437,437,512,415,431
105.5604088306427,388,544,376,440
105.61159110069275,374,569,429,384
105.65901184082031,406,631,362,411
105.71078586578369,401,701,429,412
105.76193284988403,395,738,416,391
105.80955791473389,384,731,392,406
105.85826897621155,363,813,373,365
105.9090268611908,399,805,378,408
105.94732713699341,405,878,392,440
105.9932210445404,429,918,382,397
106.03928995132446,368,916,439,361
106.0816740989685,420,937,402,423
106.11640191078186,414,958,398,426
106.16122674942017,386,1029,428,371
106.21016311645508,411,1046,393,415
106.26193690299988,440,1125,374,435
106.31190395355225,376,1146,436,388
106.35968804359436,402,1170,379,422
106.40408515930176,363,1269,386,410
106.44823408126831,380,1290,394,419
106.49389600753784,377,1302,431,410
106.54365611076355,436,1305,373,414
106.5905089378357,434,1310,422,366
106.63792395591736,440,1236,361,409
106.67961621284485,425,1115,383,368
106.73226499557495,413,988,360,367
106.77512693405151,396,921,367,440
106.82569193840027,366,849,418,382
106.8766438961029,382,669,425,415
106.92595911026001,411,594,400,389
106.97417211532593,420,513,433,381
107.01504802703857,426,383,428,376
107.06036496162415,362,405,405,380
107.11013603210449,420,385,432,426
107.15654587745667,423,448,417,406
107.20321798324585,430,524,414,372
107.24690294265747,415,499,430,421
107.28671193122864,437,581,431,404
107.33556890487671,403,570,410,398
107.38241910934448,362,640,421,369
107.43108582496643,410,682,365,370
107.47340393066406,374,678,397,371
107.51964497566223,429,765,384,385
107.56102681159973,379,779,386,386
107.61611413955688,360,851,392,406
107.66721177101135,397,848,399,425
107.7141420841217,366,899,380,429
107.76247310638428,361,931,427,428
107.8036880493164,423,933,374,379
107.85701394081116,383,1033,369,426
107.90874695777893,411,1049,392,390
107.95463490486145,386,1083,408,379
107.99755001068115,395,1142,428,420
108.04998421669006,391,1177,420,422
108.09988808631897,423,1235,393,418
108.14745998382568,364,1264,393,393
108.1961088180542,373,1275,391,410
108.24877285957336,418,1305,428,391
108.30003499984741,374,1354,400,371
108.34809517860413,430,1385,370,397
108.3927710056305,438,1430,410,375
108.43553495407104,408,1439,368,407
108.4760479927063,415,1405,378,360
108.52472519874573,365,1260,366,360
108.57232284545898,360,1139,438,405
108.6158299446106,373,1045,386,433
108.65522193908691,375,966,436,406
108.70134687423706,410,911,364,386
108.74353289604187,429,764,394,420
108.77817296981812,418,701,423,426
108.81008505821228,432,605,411,434
108.8506178855896,367,523,404,360
108.88936519622803,409,435,420,426
108.93843007087708,393,363,438,424
108.98233199119568,440,412,383,394
109.03487801551819,362,415,425,375
109.08771395683289,365,441,427,378
109.12010192871094,414,425,416,378
109.16587615013123,413,464,378,360
109.21311092376709,387,495,379,369
109.25773501396179,413,556,405,428
109.30084896087646,391,598,412,424
109.3488380908966,403,630,399,387
109.39700388908386,404,634,425,382
109.43907594680786,432,707,409,412
109.49206900596619,433,767,407,381
109.54223990440369,418,784,375,386
109.59025812149048,362,791,436,436
109.63830208778381,407,846,378,391
109.68531703948975,436,873,402,423
109.72764706611633,402,922,397,393
109.77398681640625,386,972,419,434
109.81651401519775,393,1017,391,433
109.86179494857788,408,1041,409,393
109.90976405143738,384,1043,413,428
109.95535087585449,430,968,405,385
110.00290179252625,399,847,380,423
110.05451893806458,418,733,412,372
110.09380006790161,377,665,433,386
110.14098381996155,360,594,379,386
110.18947005271912,424,454,398,406
110.23608684539795,419,401,376,397
110.28034591674805,422,435,386,381
110.31690192222595,389,388,387,384
110.3591320514679,408,376,422,406
110.40580582618713,395,374,420,418
110.44881010055542,384,419,434,421
110.49036717414856,404,415,376,369
110.52640795707703,374,382,368,420
110.55707716941833,407,426,373,430
110.59871292114258,413,428,420,434
110.6469509601593,424,469,418,420
110.69115614891052,374,476,440,370
110.73722505569458,394,549,385,428
110.78336811065674,360,601,415,372
110.83021593093872,385,628,423,380
110.87151408195496,378,683,376,401
110.91817784309387,364,680,400,375
110.96445798873901,383,728,439,421
111.0125629901886,395,706,461,426
111.05996894836426,392,672,490,375
111.10830307006836,391,655,492,386
111.15688896179199,409,620,583,407
111.20081496238708,427,571,563,388
111.25160312652588,401,562,606,439
111.30558800697327,418,465,654,401
111.3524580001831,374,397,743,377
111.39672684669495,360,382,716,381
111.44057893753052,396,415,808,390
111.48707604408264,427,404,840,375
111.5367169380188,440,408,826,383
111.56831407546997,364,435,867,377
111.61858701705933,391,367,956,384
111.66950011253357,393,426,948,393
111.7112820148468,429,507,949,400
111.7566180229187,361,522,876,430
111.79882311820984,393,581,879,419
111.85325884819031,361,550,803,406
111.90511918067932,414,650,771,374
111.95196294784546,419,679,710,373
111.9987518787384,401,746,630,438
112.04100489616394,410,706,661,399
112.09357404708862,374,776,557,419
112.14265418052673,374,823,527,433
112.19419884681702,379,846,494,390
112.24075508117676,387,858,406,420
112.28819394111633,378,946,395,411
112.33198499679565,439,945,414,402
112.37406182289124,408,1038,392,401
112.40840005874634,392,1032,397,367
112.4379780292511,395,1032,421,426
112.47629714012146,390,1054,456,413
112.52328515052795,427,1011,488,378
112.57006192207336,402,990,518,375
112.61865592002869,399,962,560,368
112.66545295715332,375,897,580,392
112.70844292640686,418,860,600,412
112.75476789474487,367,829,655,426
112.79973483085632,418,787,711,432
112.84321403503418,433,740,683,395
112.88387107849121,381,689,741,424
112.93340706825256,413,701,829,410
112.98514103889465,406,627,805,434
113.03914093971252,367,539,916,375
113.08651781082153,405,564,886,396
113.13485884666443,434,529,953,423
113.18265295028687,426,415,1021,368
113.23535490036011,362,364,1042,396
113.28930497169495,428,377,1050,387
113.33571910858154,376,440,1131,434
113.37950396537781,412,431,1115,380
113.42608094215393,368,420,1172,407
113.47395181655884,384,417,1189,425
113.52258110046387,362,417,1281,392
113.57248282432556,426,365,1291,380
113.62071895599365,437,408,1333,414
113.66685199737549,371,389,1346,384
113.7098798751831,433,432,1404,429
113.75753998756409,396,396,1431,438
113.80580592155457,436,434,1518,361
113.85407185554504,395,398,1515,400
113.90321707725525,407,435,1590,433
113.94745516777039,363,397,1588,405
113.99993300437927,409,429,1625,440
114.05570101737976,428,389,1661,367
114.11230993270874,397,387,1731,422
114.16338300704956,424,422,1674,436
114.20783400535583,378,416,1610,409
114.2549819946289,372,381,1602,402
114.29759502410889,391,395,1528,399
114.33813786506653,426,429,1516,438
114.38532400131226,438,373,1443,381
114.4341070652008,405,421,1399,390
114.47804188728333,364,424,1345,367
114.51991486549377,393,408,1295,437
114.57033801078796,432,383,1278,370
114.61665177345276,406,422,1291,420
114.6616039276123,418,361,1217,404
114.70415496826172,403,367,1149,426
114.75119495391846,413,429,1146,372
114.79792094230652,372,388,1054,426
114.84805202484131,439,402,1060,423
114.89220213890076,430,418,970,401
114.93842101097107,401,404,990,426
114.98390316963196,418,376,881,387
115.02931904792786,418,414,891,381
115.07118391990662,392,418,838,434
115.12351703643799,436,390,798,393
115.17500710487366,373,439,738,427
115.22269892692566,424,435,666,412
115.26353192329407,438,416,650,369
115.30996584892273,425,417,651,374
115.34085893630981,430,413,635,366
115.38342094421387,377,390,722,438
115.42626190185547,432,402,755,365
115.46522307395935,410,438,743,425
115.49442386627197,360,372,757,369
115.53529787063599,388,428,830,417
115.57860898971558,383,412,817,372
115.6253399848938,409,374,902,407
115.67331385612488,439,415,924,412
115.72430086135864,377,421,961,423
115.76105403900146,424,414,982,409
115.80856204032898,429,381,992,375
115.8571548461914,410,394,1030,378
115.90085792541504,431,378,1121,405
115.93675780296326,422,405,1154,384
115.97857999801636,418,428,1197,398
116.02300786972046,440,411,1192,367
116.06769800186157,425,395,1257,388
116.11343908309937,388,396,1264,434
116.15936303138733,370,414,1326,385
116.20403003692627,377,401,1364,375
116.24603986740112,405,404,1402,417
116.29233002662659,361,433,1445,428
116.33750700950623,420,432,1463,393
116.37996697425842,406,360,1447,403
116.42550301551819,436,435,1484,367
116.47387194633484,396,373,1580,383
116.52340483665466,435,423,1531,431
116.57340288162231,363,371,1429,439
116.61402893066406,412,383,1436,377
116.6611258983612,382,422,1410,409
116.70227003097534,424,436,1335,368
116.74482607841492,392,363,1300,421
116.79150986671448,379,425,1292,387
116.83267998695374,414,369,1203,376
116.87849307060242,438,383,1184,415
116.92095589637756,367,440,1148,364
116.96805381774902,425,424,1069,400
117.01734685897827,372,394,1054,388
117.0619580745697,383,394,1017,437
117.10485315322876,379,389,993,385
117.15098881721497,437,389,909,390
117.19721293449402,430,412,870,423
117.24829602241516,366,371,842,408
117.28547811508179,400,366,831,389
117.33090019226074,436,402,795,415
117.3797619342804,398,410,730,369
117.42936682701111,433,390,710,365
117.48024201393127,394,394,671,407
117.51862001419067,388,410,572,439
117.56574082374573,432,403,606,363
117.61307096481323,416,392,552,402
117.65480089187622,401,365,461,392
117.6966609954834,413,409,546,406
117.74418807029724,409,377,559,419
117.7916100025177,416,436,593,392
117.84136009216309,365,413,646,388
117.88248896598816,404,385,680,432
117.93021297454834,436,430,715,379
117.97717094421387,431,430,757,387
118.02036213874817,394,439,818,361
118.07244396209717,384,389,799,414
118.12065291404724,366,376,845,438
118.16209506988525,373,418,927,413
118.20381307601929,363,424,949,370
118.25197982788086,390,381,981,400
118.29916882514954,381,435,1040,389
118.34125399589539,426,436,1028,374
118.38509702682495,406,386,1100,362
118.43502807617188,380,400,1121,374
118.4805519580841,440,399,1096,428
118.52574610710144,435,425,992,439
118.56861090660095,384,419,1028,366
118.61677503585815,402,383,911,437
118.66400194168091,431,413,917,398
118.70885992050171,429,374,893,424
118.7510290145874,408,369,809,377
118.79979705810547,409,373,795,397
118.83154010772705,410,397,749,413
118.86549592018127,387,432,684,430
118.914302110672,435,429,694,386
118.96200680732727,433,398,609,374
119.00516200065613,425,431,580,395
119.05250000953674,437,377,552,369
119.10656809806824,438,411,483,377
119.15985488891602,436,394,438,421
119.2160758972168,364,362,390,376
119.2679991722107,382,387,408,417
119.31685590744019,397,380,382,425
119.3483018875122,379,400,417,410
119.3901789188385,426,413,435,376
119.44006109237671,419,419,463,390
119.48473620414734,378,400,534,369
119.52764797210693,410,392,569,418
119.560476064682,429,391,592,372
119.59168291091919,366,398,650,431
119.64455008506775,415,408,662,361
119.69431900978088,370,366,710,408
119.74027991294861,405,363,728,405
119.77371311187744,374,409,731,440
119.81450295448303,369,413,697,366
119.85600185394287,395,396,687,385
119.90475702285767,361,383,613,380
119.95005893707275,430,405,616,388
119.99204277992249,380,411,547,418
120.03850984573364,373,436,553,423
120.07031488418579,378,430,472,417
120.11358094215393,403,381,447,364
120.16672396659851,435,373,386,367
120.21694803237915,430,386,415,361
120.26467180252075,370,403,365,425
120.31355500221252,369,435,412,428
120.36163592338562,391,437,380,415
120.40446901321411,394,388,429,378
120.4561219215393,377,426,490,398
120.50759482383728,389,373,546,364
120.55619287490845,409,383,487,368
120.59942483901978,404,377,387,369
120.64134478569031,431,434,362,388
120.6804780960083,427,424,376,437
120.72066688537598,406,427,431,425
120.76371908187866,438,378,414,397
120.81090998649597,366,401,407,440
120.8548378944397,417,427,380,374
120.89739298820496,417,432,362,383
120.94391798973083,387,438,383,369
120.99257683753967,378,392,381,411
121.03968811035156,400,437,450,404
121.09032893180847,419,403,504,378
121.12723708152771,420,372,528,420
121.17056798934937,362,384,566,371
121.2152509689331,379,436,591,403
121.25162506103516,381,410,568,404
121.29384994506836,419,421,490,400
121.34501314163208,413,420,439,400
121.39087510108948,390,360,386,394
121.43408489227295,386,424,407,400
121.47366905212402,398,368,434,376
121.50784015655518,382,416,367,420
121.55707788467407,409,416,402,375
121.60290598869324,393,420,469,387
121.64580798149109,434,433,454,390
121.69090008735657,395,385,495,402
121.73815894126892,393,367,525,401
121.78086590766907,378,403,560,365
121.83123016357422,401,437,566,399
121.88148903846741,407,384,515,427
121.92664694786072,368,389,457,380
121.96969795227051,381,391,400,384
122.0158920288086,388,364,396,375
122.06118106842041,408,379,434,360
122.1037290096283,433,397,416,382
122.14120507240295,381,434,478,365
122.19041395187378,380,429,507,438
122.23122382164001,368,400,565,382
122.27551507949829,401,407,553,364
122.31962895393372,431,433,492,373
122.36608815193176,401,421,492,405
122.40858888626099,392,415,430,421
122.45795011520386,366,366,442,439
122.50819492340088,394,400,362,421
122.55765700340271,393,439,380,433
122.60450005531311,379,385,457,416
122.64541983604431,425,420,448,362
122.69250798225403,434,433,524,380
122.73992109298706,365,440,532,374
122.7844340801239,370,378,612,407
122.82574200630188,387,402,536,431
122.85926485061646,367,429,479,373
122.89079904556274,404,389,444,384
122.94378995895386,421,420,452,434
122.99574995040894,366,378,362,393
123.0437650680542,419,366,360,374
123.09083604812622,406,404,420,432
123.1393051147461,363,396,423,433
123.18299603462219,425,400,423,462
123.22891497612,429,403,434,509
123.27509999275208,400,409,436,583
123.32097697257996,419,390,390,576
123.36126184463501,407,367,371,651
123.40489292144775,429,383,425,659
123.45219898223877,408,408,420,664
123.49404096603394,438,397,412,692
123.53712916374207,414,429,421,789
123.58458685874939,387,381,375,826
123.63602709770203,412,434,399,801
123.68629789352417,429,437,436,888
123.73366498947144,400,394,386,945
123.78394198417664,417,397,429,936
123.83592009544373,396,374,413,1002
123.8853211402893,361,413,436,1025
123.93593311309814,363,366,431,1111
123.9834451675415,375,366,382,1076
124.03075098991394,362,439,411,1157
124.07542300224304,405,412,427,1224
124.12231588363647,420,425,377,1249
124.1701090335846,371,374,429,1230
124.21379590034485,422,366,382,1316
124.25874900817871,382,417,391,1358
124.30499911308289,387,387,416,1382
124.35255098342896,383,409,383,1419
124.40004897117615,378,400,425,1472
124.450838804245,418,367,421,1502
124.50309801101685,415,415,371,1528
124.54378414154053,415,362,437,1595
124.59209990501404,403,403,362,1593
124.63842177391052,399,384,440,1644
124.68628096580505,388,431,403,1641
124.73326706886292,439,417,409,1751
124.77643513679504,398,421,405,1782
124.82939291000366,439,368,384,1787
124.88100600242615,430,387,392,1863
124.9300057888031,415,422,409,1885
124.97790908813477,409,415,439,1874
125.0231409072876,425,432,376,1955
125.06758308410645,367,429,440,1979
125.11505484580994,414,383,378,1991
125.16340589523315,378,418,424,1956
125.21054601669312,421,419,376,1875
125.25452184677124,396,401,398,1842
125.298837184906,439,371,386,1848
125.33838081359863,419,377,436,1828
125.38401007652283,389,410,379,1777
125.43024492263794,378,395,386,1716
125.47097682952881,411,404,399,1666
125.51744794845581,404,411,393,1645
125.56236600875854,428,389,423,1628
125.61046600341797,367,382,417,1516
125.65215706825256,417,372,415,1515
125.69891691207886,431,368,396,1472
125.74507403373718,410,436,427,1424
125.78870797157288,415,393,405,1403
125.83203387260437,378,372,405,1363
125.87751889228821,388,420,363,1317
125.92214107513428,437,415,434,1285
125.9634940624237,372,415,381,1258
126.01269197463989,399,370,361,1150
126.0615861415863,379,383,403,1173
126.10292220115662,426,407,435,1081
126.15307784080505,364,426,387,1065
126.18733191490173,411,388,420,1012
126.23534488677979,373,367,377,979
126.28532099723816,433,372,386,960
126.32515692710876,370,396,383,934
126.3688747882843,383,405,374,833
126.409432888031,399,438,417,814
126.46265983581543,380,421,364,819
126.51200604438782,365,432,406,745
126.56383395195007,396,401,435,726
126.62003803253174,373,400,431,616
126.66970896720886,413,410,400,605
126.72591185569763,382,375,390,564
126.77848696708679,416,420,380,545
126.82438588142395,420,421,435,593
126.86517691612244,432,374,395,554
126.92154788970947,385,412,432,599
126.97108793258667,407,414,437,715
127.01391506195068,410,418,431,703
127.05479407310486,394,394,385,760
127.10280513763428,403,366,397,762
127.1452009677887,364,431,361,701
127.18724799156189,377,413,397,709
127.22713780403137,410,417,413,693
127.27659296989441,424,372,429,588
127.31164717674255,390,418,364,572
127.34549379348755,373,385,437,561
127.39148497581482,437,383,361,510
127.43415212631226,408,425,390,466
127.48450708389282,412,421,382,397
127.52613687515259,397,414,400,417
127.57360291481018,430,365,430,404
127.6229510307312,414,370,406,448
127.66956496238708,368,421,431,511
127.71319007873535,369,411,421,503
127.75749111175537,370,360,422,514
127.80801010131836,427,385,427,575
127.85810399055481,412,427,408,504
127.90757298469543,369,370,397,452
127.95679092407227,395,408,404,440
128.00186610221863,383,399,360,371
128.04480695724487,428,418,432,379
128.09165501594543,385,401,408,384
128.13968896865845,388,428,412,394
128.1882951259613,415,417,369,369
128.23789978027344,396,422,366,428
128.28448486328125,413,418,387,372
128.32727885246277,386,366,398,439
128.37539291381836,407,403,387,409
128.42196011543274,426,414,372,398
128.4687020778656,411,393,402,370
128.50897002220154,410,431,369,418
128.5545289516449,386,365,392,416
128.59456491470337,434,392,389,392
128.63722395896912,422,420,373,400
128.68394780158997,410,388,390,408
128.72610116004944,370,436,368,429
128.77134609222412,382,440,433,428
128.8213369846344,366,422,361,394
128.86854887008667,413,410,378,372
128.9159860610962,422,361,398,381
128.95910000801086,410,400,387,391
129.0033929347992,413,412,387,399
129.04601407051086,391,437,399,398
129.08574390411377,397,418,383,415
129.1331479549408,405,374,367,391
129.18057680130005,418,377,364,380
129.22252202033997,434,427,430,385
129.27508211135864,369,423,393,396
129.32388591766357,392,366,430,380
129.3689889907837,367,392,364,420
129.41123700141907,379,425,398,429
129.4584219455719,406,399,387,380
129.50488209724426,387,386,383,438
129.54920506477356,439,379,368,428
129.59492707252502,412,366,401,375
129.63859009742737,419,364,403,418
129.68184208869934,369,410,415,372
129.7285578250885,421,427,390,411
129.7783808708191,419,408,417,435
129.81391406059265,396,406,409,367
129.8632311820984,435,377,388,409
129.91075897216797,439,391,386,440
129.9532709121704,415,418,416,408
129.99889302253723,368,396,405,427
130.04648303985596,380,424,404,440
130.09382796287537,427,397,388,401
130.14421582221985,393,398,407,389
130.184956073761,393,382,415,376
130.22710490226746,376,412,396,410
130.2724289894104,426,432,407,396
130.3142638206482,360,416,373,394
130.35975003242493,401,428,388,401
130.39970588684082,421,411,423,401
130.45003604888916,388,422,382,393
130.4937460422516,394,390,369,430
130.5416190624237,408,376,373,371
130.58594489097595,440,371,430,390
130.63010907173157,365,428,411,440
130.67944598197937,402,365,393,369
130.72784805297852,406,420,391,420
130.77737593650818,397,431,429,427
130.82713198661804,379,379,440,404
130.87680387496948,414,404,421,435
130.92645692825317,366,413,421,367
130.97147393226624,407,429,431,408
131.01623582839966,365,410,402,434
131.05852508544922,398,410,436,434
131.10819482803345,395,427,439,403
131.1547291278839,401,385,423,379
131.19828581809998,404,420,402,390
131.248272895813,421,378,362,402
131.3020088672638,361,379,384,377
131.35123109817505,409,389,368,388
131.39748001098633,383,412,421,432
131.44681692123413,428,424,421,361
131.49494886398315,418,373,381,372
131.54117012023926,413,437,387,419
131.5844750404358,390,388,414,406
131.6321051120758,385,414,412,367
131.67845487594604,403,435,366,395
131.7273828983307,431,434,400,425
131.77878594398499,369,380,419,421
131.8144338130951,392,387,388,388
131.84976196289062,384,374,373,382
131.88109397888184,408,431,374,387
131.92376685142517,386,438,425,433
131.96609711647034,389,380,412,411
131.9977068901062,387,400,365,435
132.02851009368896,409,391,372,365
132.07467198371887,427,424,365,392
132.1206820011139,403,366,398,366
132.16812705993652,404,427,410,400
132.21830701828003,396,439,371,412
132.25489020347595,412,382,371,433
132.3027150630951,373,418,428,439
132.34946012496948,435,403,365,366
132.3936369419098,405,391,434,430
132.43470191955566,393,412,414,374
132.47671699523926,402,366,393,402
132.52184009552002,373,365,394,395
132.55442810058594,361,415,414,431
132.6020359992981,416,389,361,362
132.651713848114,405,370,394,387
132.70356488227844,427,409,372,397
132.73903703689575,392,389,413,436
132.78789114952087,424,402,430,408
132.8347008228302,386,396,409,391
132.8756880760193,418,403,420,360
132.9241738319397,438,402,360,417
132.9715600013733,409,360,430,439
133.02372217178345,392,361,416,360
133.0739209651947,374,370,409,386
133.12283897399902,428,425,414,362
133.1700940132141,407,374,426,385
133.2205080986023,422,430,438,370
133.2556130886078,386,375,360,426
133.3030400276184,414,434,437,438
133.35430598258972,401,377,404,404
133.39044284820557,435,431,423,438
133.4382197856903,384,377,362,426
133.4818630218506,366,385,370,407
133.52614212036133,435,402,433,435
133.5662407875061,407,383,378,363
133.60973596572876,415,398,385,399
133.65694403648376,410,411,366,433
133.70750188827515,390,435,400,385
133.74259400367737,394,377,382,425
133.79047679901123,433,388,431,386
133.8414969444275,431,433,385,406
133.87664198875427,385,362,374,389
133.923189163208,438,390,404,407
133.96393203735352,439,399,363,423
134.00986504554749,397,403,368,428
134.05570912361145,368,405,387,410
134.1009178161621,397,395,438,429
134.14172410964966,402,419,365,383
134.18361401557922,399,375,431,422
134.23278903961182,440,393,385,423
134.2795660495758,429,375,381,395
134.3226010799408,389,415,401,392
134.3674440383911,432,417,404,435
134.41362118721008,371,381,430,395
134.46299290657043,389,364,390,368
134.51386404037476,369,367,407,438
134.5489330291748,380,377,411,398
134.58081793785095,426,360,379,370
134.63082098960876,393,433,429,420
134.66821479797363,362,370,416,424
134.7143189907074,372,416,383,420
134.75964403152466,385,437,363,372
134.8020260334015,397,420,437,416
134.84889888763428,389,380,406,394
134.89857292175293,425,362,374,413
134.94252395629883,371,364,382,417
134.98182487487793,423,409,397,416
135.02946996688843,410,383,433,369
135.0703101158142,428,383,361,370
135.11178398132324,367,398,374,427
135.15944695472717,435,375,407,418
135.20202088356018,399,373,419,408
135.2537817955017,406,430,419,418
135.30247402191162,375,383,370,396
135.35296082496643,362,372,381,368
135.38788890838623,386,402,437,395
135.42018699645996,431,360,392,433
135.46948385238647,364,384,401,383
135.52000093460083,409,361,435,368
135.55573105812073,369,408,427,380
135.60305404663086,378,414,362,423
135.65353989601135,438,370,375,409
135.69186902046204,365,372,440,413
135.7378170490265,420,377,406,417
135.7860279083252,406,406,421,366
135.83605480194092,405,398,364,419
135.87133407592773,405,407,429,402
135.91938185691833,412,425,375,399
135.97095584869385,398,384,414,403
136.0065369606018,433,420,375,423
136.05419993400574,386,387,419,422
136.1048400402069,411,404,371,403
136.14101481437683,395,369,375,373
136.1878628730774,360,429,388,383
136.233332157135,432,375,430,396
136.27548098564148,435,362,409,377
136.31952285766602,399,425,376,435
136.36510705947876,380,373,387,378
136.4107060432434,424,362,367,394
136.45188999176025,377,422,389,370
136.50401997566223,382,402,366,416
136.5471818447113,414,424,431,388
136.5923628807068,419,376,398,370
136.63690495491028,423,400,433,438
136.68366408348083,393,398,427,401
136.72444701194763,404,413,397,377
136.7698519229889,418,393,406,395
136.81542110443115,423,388,362,400
136.8586609363556,425,413,383,389
136.90398597717285,398,399,427,412
136.95142316818237,376,401,367,420
136.9994559288025,395,375,376,383
137.0477750301361,399,415,370,393
137.09278202056885,415,364,365,372
137.1467559337616,395,378,378,383
137.18594694137573,368,375,402,439
137.2334291934967,400,395,383,431
137.2775719165802,409,410,386,382
137.32010197639465,406,360,397,423
137.3657088279724,436,384,440,436
137.41139388084412,364,421,400,366
137.45587015151978,366,395,416,427
137.497661113739,426,392,431,404
137.53881406784058,396,362,364,411
137.58947801589966,364,363,380,373
137.6425518989563,385,411,381,423
137.6893060207367,414,410,370,365
137.7364068031311,440,421,368,378
137.78676891326904,361,426,424,417
137.83759713172913,360,367,419,360
137.8762321472168,382,427,437,435
138.9418089389801,364,435,413,409
139.12782502174377,371,376,376,396
139.17989110946655,407,406,382,361
139.24372005462646,369,387,404,370
139.29959106445312,364,440,419,385
139.35810899734497,373,383,394,368
139.41317796707153,415,414,434,364
139.46583008766174,365,371,428,369
139.51828598976135,398,423,402,437
139.57059907913208,365,411,432,390
139.64497900009155,431,373,438,362
139.69862699508667,425,405,368,377
139.73927307128906,413,366,418,374
139.7864329814911,387,415,425,371
139.83502912521362,439,430,438,374
139.89050674438477,437,424,409,386
139.93775606155396,378,384,416,360
139.99547600746155,390,418,403,385
140.05161309242249,416,391,431,364
140.099289894104,420,375,399,425
140.15054392814636,362,406,428,410
140.20228219032288,397,373,422,432
140.25138902664185,399,369,410,401
140.3020360469818,427,431,393,389
140.35227394104004,425,413,397,415
140.39607214927673,387,363,436,425
140.43897104263306,363,393,400,396
140.48226499557495,428,365,393,377
140.53359293937683,390,382,425,428
140.59531497955322,430,407,398,379
140.64896488189697,426,402,366,383
140.6863329410553,397,417,385,365
140.72325801849365,387,360,376,426
140.77115392684937,436,437,392,413
140.81878304481506,381,364,440,397
140.86626195907593,437,393,364,386
140.91674780845642,384,388,371,410
140.95472192764282,406,387,367,376
141.00003290176392,391,374,395,360
141.04577803611755,408,410,369,361
141.08931493759155,394,370,396,415
